country_id,email
1,delcoker@gmail.com
4,delcoker+4@gmail.com
8,delcoker+8@gmail.com
13,delcoker+13@gmail.com
23,delcoker+23@gmail.com
29,delcoker+29@gmail.com
31,delcoker+31@gmail.com
33,delcoker+33@gmail.com
35,delcoker+35@gmail.com
42,delcoker+42@gmail.com
43,delcoker+43@gmail.com
44,delcoker+44@gmail.com
45,delcoker+45@gmail.com
47,delcoker+47@gmail.com
49,delcoker+49@gmail.com
50,delcoker+50@gmail.com
57,delcoker+57@gmail.com
58,delcoker+58@gmail.com
59,delcoker+59@gmail.com
66,delcoker+66@gmail.com
67,delcoker+67@gmail.com
68,delcoker+68@gmail.com
70,delcoker+70@gmail.com
72,delcoker+72@gmail.com
73,delcoker+73@gmail.com
75,delcoker+75@gmail.com
79,delcoker+79@gmail.com
90,delcoker+90@gmail.com
94,delcoker+94@gmail.com
103,delcoker+103@gmail.com
105,delcoker+105@gmail.com
106,delcoker+106@gmail.com
108,delcoker+108@gmail.com
111,delcoker+111@gmail.com
115,delcoker+115@gmail.com
117,delcoker+117@gmail.com
118,delcoker+118@gmail.com
130,delcoker+130@gmail.com
133,delcoker+133@gmail.com
138,delcoker+138@gmail.com
139,delcoker+139@gmail.com
141,delcoker+141@gmail.com
142,delcoker+142@gmail.com
144,delcoker+144@gmail.com
145,delcoker+145@gmail.com
150,delcoker+150@gmail.com
152,delcoker+152@gmail.com
155,delcoker+155@gmail.com
159,delcoker+159@gmail.com
165,delcoker+165@gmail.com
167,delcoker+167@gmail.com
169,delcoker+169@gmail.com
170,delcoker+170@gmail.com
172,delcoker+172@gmail.com
175,delcoker+175@gmail.com
180,delcoker+180@gmail.com
181,delcoker+181@gmail.com
182,delcoker+182@gmail.com
188,delcoker+188@gmail.com
195,delcoker+195@gmail.com
205,delcoker+205@gmail.com
214,delcoker+214@gmail.com
221,delcoker+221@gmail.com
225,delcoker+225@gmail.com
226,delcoker+226@gmail.com
231,delcoker+231@gmail.com
235,delcoker+235@gmail.com
238,delcoker+238@gmail.com
239,delcoker+239@gmail.com
242,delcoker+242@gmail.com
243,delcoker+243@gmail.com
248,delcoker+248@gmail.com
249,delcoker+249@gmail.com
253,delcoker+253@gmail.com
254,delcoker+254@gmail.com
257,delcoker+257@gmail.com
261,delcoker+261@gmail.com
263,delcoker+263@gmail.com
264,delcoker+264@gmail.com
269,delcoker+269@gmail.com
270,delcoker+270@gmail.com
271,delcoker+271@gmail.com
272,delcoker+272@gmail.com
273,delcoker+273@gmail.com
274,delcoker+274@gmail.com
275,delcoker+275@gmail.com
276,delcoker+276@gmail.com
277,delcoker+277@gmail.com
278,delcoker+278@gmail.com
1011,delcoker+1011@gmail.com
40764,delcoker+40764@gmail.com
40765,delcoker+40765@gmail.com
70001,delcoker+70001@gmail.com
147299,delcoker+147299@gmail.com
